team,avg_game_difference
Scotland,5.0
England,10.5
Wales,10.833333333333334
France,12.125
Italy,13.666666666666666
Ireland,17.23076923076923
New Zealand,30.5
