team,avg_game_differece
England,6.75
France,12.125
Ireland,14.923076923076923
Italy,13.666666666666666
Scotland,5.0
Wales,9.363636363636363
New Zealand,30.5
